id,building_name,class_field,name,korname
ade0a196,6집 6호 동아일보사사옥,Location,경성부 광화문통(光化門通),경성부 광화문통(光化門通)
9e82b1f2,6집 6호 동아일보사사옥,TotalArea,473평 1홉,473평 1홉
9bd1eeb2,6집 6호 동아일보사사옥,TotalArea,40평,40평
524a9313,6집 6호 동아일보사사옥,TotalArea,140평,140평
76daaf8e,6집 6호 동아일보사사옥,TotalArea,141평 4홉,141평 4홉
0745fb17,6집 6호 동아일보사사옥,TotalArea,141평 4홉,141평 4홉
13be1352,6집 6호 동아일보사사옥,TotalArea,3평 7홉,3평 7홉
7a67d283,6집 6호 동아일보사사옥,TotalArea,6평 6홉,6평 6홉
1c4c7d9e,6집 6호 동아일보사사옥,StartDate,1925년 9월 27일,1925년 9월 27일
6367a2ce,6집 6호 동아일보사사옥,EndDate,1927년 12월 말일,1927년 12월 말일
91e15a20,6집 6호 동아일보사사옥,Floors,4층,4층
d4c66458,6집 6호 동아일보사사옥,Height,48척 1촌 5분,48척 1촌 5분
06e28ec9,6집 6호 동아일보사사옥,Facility,난방기관실,난방기관실
2edd1855,6집 6호 동아일보사사옥,Facility,전화교환실,전화교환실
14b1d64b,6집 6호 동아일보사사옥,Structure,철근콘크리트,철근콘크리트
4f838a9e,6집 6호 동아일보사사옥,Material,벽돌,벽돌
d8ffec14,6집 6호 동아일보사사옥,Material,벽돌,벽돌
32d6b206,6집 6호 동아일보사사옥,Structure,콘크리트철근 블록,콘크리트철근 블록
6dbeb35c,6집 6호 동아일보사사옥,Material,석재,석재
6d02bb47,6집 6호 동아일보사사옥,Material,화장 타일,화장 타일
80bb0193,6집 6호 동아일보사사옥,Material,인조석,인조석
0c1ba800,6집 6호 동아일보사사옥,Material,화강암,화강암
c52e3fca,6집 6호 동아일보사사옥,Material,테라코타,테라코타
39b492d6,6집 6호 동아일보사사옥,Material,티크,티크
5174e2d0,6집 6호 동아일보사사옥,Material,벚나무재,벚나무재
1b3b21b2,6집 6호 동아일보사사옥,Material,대리석,대리석
4395aa2e,6집 6호 동아일보사사옥,Material,타일,타일
ad320789,6집 6호 동아일보사사옥,Material,대리석,대리석
d0c655e8,6집 6호 동아일보사사옥,Material,회반죽,회반죽
070e7deb,6집 6호 동아일보사사옥,Material,타일,타일
8e44a95f,6집 6호 동아일보사사옥,Material,모르타르,모르타르
593c91de,6집 6호 동아일보사사옥,Material,리놀륨,리놀륨
211cd23e,6집 6호 동아일보사사옥,Material,인조석,인조석
a8033594,6집 6호 동아일보사사옥,Material,리놀륨,리놀륨
85c3742c,6집 6호 동아일보사사옥,Material,회반죽,회반죽
b59af248,6집 6호 동아일보사사옥,Material,석고,석고
c51c445e,6집 6호 동아일보사사옥,Supplier,건철회사(建鐵會社),건철회사(建鐵會社)
fbd9b2d7,6집 6호 동아일보사사옥,Material,티크,티크
9d7412a2,6집 6호 동아일보사사옥,Material,목재,목재
bc483fa7,6집 6호 동아일보사사옥,Supplier,미국 에일회사(エール會社),미국 에일회사(エール會社)
66fde5e1,6집 6호 동아일보사사옥,Structure,철근콘크리트,철근콘크리트
bbe1d75b,6집 6호 동아일보사사옥,Material,인조석,인조석
520ccb83,6집 6호 동아일보사사옥,Material,티크재,티크재
2f1fe15b,6집 6호 동아일보사사옥,Facility,전기 설비,전기 설비
fff7bad8,6집 6호 동아일보사사옥,Facility,실내 전화 설비,실내 전화 설비
4fbbed51,6집 6호 동아일보사사옥,Facility,교환실,교환실
400cd432,6집 6호 동아일보사사옥,Facility,전화 교환기,전화 교환기
5afa30c8,6집 6호 동아일보사사옥,Facility,난방 설비,난방 설비
81df344e,6집 6호 동아일보사사옥,Facility,증기난방 장치,증기난방 장치
40b920b1,6집 6호 동아일보사사옥,Supplier,아메리칸 라디에이터 회사,아메리칸 라디에이터 회사
8408c064,6집 6호 동아일보사사옥,Facility,위생 설비,위생 설비
609f514c,6집 6호 동아일보사사옥,Facility,정화조,정화조
3f15454e,6집 6호 동아일보사사옥,Facility,급수 설비,급수 설비
ce3d1d7d,6집 6호 동아일보사사옥,Facility,피뢰 설비,피뢰 설비
78d3281c,6집 6호 동아일보사사옥,Facility,전기 시계 설비,전기 시계 설비
577139f9,6집 6호 동아일보사사옥,Facility,전기 시계,전기 시계
b594c3d6,13집 10호 서대문우편국,Location,경성부 죽첨정2정목(竹添町2丁目) 8번지 2,경성부 죽첨정2정목(竹添町2丁目) 8번지 2
93ee19d1,13집 10호 서대문우편국,SiteArea,"1,696.695㎡ (514평 15)","1,696.695㎡ (514평 15)"
d77cb574,13집 10호 서대문우편국,StartDate,1934년 5월 14일,1934년 5월 14일
7d3e5258,13집 10호 서대문우편국,EndDate,1934년 10월 29일,1934년 10월 29일
833136e9,13집 10호 서대문우편국,Height,10.24m (33척 7분 9린),10.24m (33척 7분 9린)
02f68477,13집 10호 서대문우편국,Height,20.0m (66.0척),20.0m (66.0척)
35c4386a,13집 10호 서대문우편국,Floors,2층,2층
45103e51,13집 10호 서대문우편국,TotalArea,573.38㎡ (173평 75),573.38㎡ (173평 75)
b8828aaa,13집 10호 서대문우편국,TotalArea,126.00㎡ (38평 18),126.00㎡ (38평 18)
bd6a6a26,13집 10호 서대문우편국,TotalArea,26.00㎡ (7평 87),26.00㎡ (7평 87)
e7c0dbf1,13집 10호 서대문우편국,TotalArea,19.40㎡ (5평 87),19.40㎡ (5평 87)
53d2bf63,13집 10호 서대문우편국,TotalArea,61.56㎡ (18평 65),61.56㎡ (18평 65)
5cbb4b7a,13집 10호 서대문우편국,TotalArea,15.00㎡ (4평 54),15.00㎡ (4평 54)
05742569,13집 10호 서대문우편국,TotalArea,36.00㎡ (10평 90),36.00㎡ (10평 90)
7237155b,13집 10호 서대문우편국,TotalArea,408.19㎡ (123평 69),408.19㎡ (123평 69)
3d591dcb,13집 10호 서대문우편국,Facility,전화실,전화실
fc85e7f4,13집 10호 서대문우편국,TotalArea,165.19㎡ (50평 04),165.19㎡ (50평 04)
3092f8f1,13집 10호 서대문우편국,TotalArea,283.96㎡ (86평 01),283.96㎡ (86평 01)
1f915922,13집 10호 서대문우편국,Facility,난방기관실,난방기관실
c76e434e,13집 10호 서대문우편국,Structure,철근콘크리트조,철근콘크리트조
1a6fcfa4,13집 10호 서대문우편국,Material,타일,타일
bffb3e18,13집 10호 서대문우편국,Material,모르타르,모르타르
1c5a3fab,13집 10호 서대문우편국,Material,비늘판,비늘판
297dff6e,13집 10호 서대문우편국,Material,회반죽,회반죽
505c82e0,13집 10호 서대문우편국,Material,회반죽,회반죽
531049c5,13집 10호 서대문우편국,Material,모르타르,모르타르
987560bf,13집 10호 서대문우편국,Material,인조석,인조석
a2bee0be,13집 10호 서대문우편국,Material,리놀륨,리놀륨
f7ca8b56,13집 10호 서대문우편국,Material,마루,마루
bc14f48e,13집 10호 서대문우편국,Material,모르타르,모르타르
23005bec,13집 10호 서대문우편국,Material,졸참나무재,졸참나무재
1d0d8f71,13집 10호 서대문우편국,Material,조선 테라조,조선 테라조
b2e0a157,13집 10호 서대문우편국,Material,나무판,나무판
67401caa,13집 10호 서대문우편국,Material,회반죽,회반죽
c26bb08c,13집 10호 서대문우편국,Material,징두리널,징두리널
40bfa800,13집 10호 서대문우편국,Material,타일,타일
a72f43ec,13집 10호 서대문우편국,Material,모르타르,모르타르
e2ad19eb,13집 10호 서대문우편국,Material,모자이크타일,모자이크타일
fa59355c,13집 10호 서대문우편국,Facility,난방기관실,난방기관실
a3dc719d,13집 10호 서대문우편국,Material,회반죽,회반죽
ea4cbeca,13집 10호 서대문우편국,Material,회반죽,회반죽
f8b85a35,13집 10호 서대문우편국,Material,모르타르,모르타르
f709b5de,13집 10호 서대문우편국,Material,모르타르,모르타르
9d7e30e5,13집 10호 서대문우편국,Facility,난방설비,난방설비
edd84d9d,13집 10호 서대문우편국,Facility,중력 2관식 저압증기난방,중력 2관식 저압증기난방
94a3290e,13집 10호 서대문우편국,Supplier,후쿠오카[福岡]제등제작소(齋藤製作所),후쿠오카[福岡]제등제작소(齋藤製作所)
809f9325,13집 10호 서대문우편국,Facility,전기 설비,전기 설비
4d72511c,13집 10호 서대문우편국,Structure,철근콘크리트,철근콘크리트
02e1a46f,13집 10호 서대문우편국,Structure,목조,목조
65a2e1d6,13집 10호 서대문우편국,Facility,전기시계,전기시계
f14ce4f1,13집 10호 서대문우편국,Supplier,웅공사(雄工社),웅공사(雄工社)
52144d43,13집 10호 서대문우편국,Cost,"55,814엔","55,814엔"
ce9b8fdd,13집 10호 서대문우편국,Cost,"47,400엔","47,400엔"
020f4997,13집 10호 서대문우편국,Cost,"5,199엔","5,199엔"
cb5a452b,13집 10호 서대문우편국,Cost,"3,225엔","3,225엔"
8a6f6cf6,13집 10호 서대문우편국,Builder,삼목(三木)합자회사,삼목(三木)합자회사
a2331534,13집 10호 서대문우편국,Builder,동구(東口)상회,동구(東口)상회
acfb49b8,13집 10호 서대문우편국,Builder,삼전철태랑(山田鐵太郞),삼전철태랑(山田鐵太郞)
870d9b9d,15집 12호 황금좌,Location,경성부 황금정4정목(黄金町4丁目),경성부 황금정4정목(黄金町4丁目)
141b13f8,15집 12호 황금좌,TotalArea,601.12평,601.12평
e9d8db97,15집 12호 황금좌,TotalArea,18.22,18.22
adbe53e5,15집 12호 황금좌,TotalArea,293.17,293.17
0c7b044d,15집 12호 황금좌,TotalArea,181.34,181.34
ff116a73,15집 12호 황금좌,TotalArea,102.95,102.95
e64b4d40,15집 12호 황금좌,TotalArea,5.44,5.44
6007be18,15집 12호 황금좌,Height,61.0,61.0
af4674e4,15집 12호 황금좌,Height,70.0,70.0
31fce892,15집 12호 황금좌,Height,57.8,57.8
be907b22,15집 12호 황금좌,Height,57.0,57.0
a235b569,15집 12호 황금좌,Structure,철근콘크리트조,철근콘크리트조
9ae61009,15집 12호 황금좌,Structure,철골철근콘크리트조,철골철근콘크리트조
2e8da3f1,15집 12호 황금좌,Structure,철근콘크리트,철근콘크리트
6c9c7676,15집 12호 황금좌,Structure,철골조,철골조
8ee25451,15집 12호 황금좌,Structure,철골 트러스,철골 트러스
b45d552e,15집 12호 황금좌,Structure,철근콘크리트,철근콘크리트
2521218e,15집 12호 황금좌,Material,화강석,화강석
1449a265,15집 12호 황금좌,Material,테라조,테라조
efc36dd3,15집 12호 황금좌,Material,인조석,인조석
106745a3,15집 12호 황금좌,Material,인조석,인조석
d3472311,15집 12호 황금좌,Material,타일,타일
b7962d06,15집 12호 황금좌,Material,스틸 새시,스틸 새시
cc0e03d3,15집 12호 황금좌,Material,동판,동판
4966a6bf,15집 12호 황금좌,Material,브론즈,브론즈
84aef62b,15집 12호 황금좌,Material,브론즈,브론즈
32d70bd8,15집 12호 황금좌,Material,인조석,인조석
41c7f63e,15집 12호 황금좌,Material,모자이크타일,모자이크타일
11c20f51,15집 12호 황금좌,Material,트라버틴,트라버틴
5cbc69a0,15집 12호 황금좌,Material,테라조,테라조
45de0a10,15집 12호 황금좌,Material,테라조,테라조
cd3e5083,15집 12호 황금좌,Material,모자이크,모자이크
4d56a2ee,15집 12호 황금좌,Material,석고,석고
3ad6c96b,15집 12호 황금좌,Material,브론즈,브론즈
59b9f235,15집 12호 황금좌,Material,플라스터,플라스터
b0c32464,15집 12호 황금좌,Material,황동,황동
ea912f1d,15집 12호 황금좌,Material,브론즈,브론즈
6c7ac0b8,15집 12호 황금좌,Material,세메팔트텍스,세메팔트텍스
a0ef28d1,15집 12호 황금좌,Material,단풍나무 베니어판,단풍나무 베니어판
012c9c95,15집 12호 황금좌,Material,콘벡스,콘벡스
cc83309c,15집 12호 황금좌,Material,회반죽,회반죽
65f66337,15집 12호 황금좌,Material,테라조,테라조
3de3c88a,15집 12호 황금좌,Material,콘벡스,콘벡스
8cead92a,15집 12호 황금좌,Material,세메팔트텍스,세메팔트텍스
dfada0b7,15집 12호 황금좌,Material,콘벡스,콘벡스
59fcc489,15집 12호 황금좌,Material,테라조,테라조
1f04b22e,15집 12호 황금좌,Material,텍스,텍스
7076ba45,15집 12호 황금좌,Material,모리노이트(モリノイト),모리노이트(モリノイト)
c44d234a,15집 12호 황금좌,Material,콘벡스,콘벡스
86b7d081,15집 12호 황금좌,Material,석고,석고
eb068909,15집 12호 황금좌,Material,모자이크타일,모자이크타일
5234ee75,15집 12호 황금좌,Material,소나무[吋松]판,소나무[吋松]판
9d8a89bf,15집 12호 황금좌,Facility,전기,전기
41927bb2,15집 12호 황금좌,Facility,변전소,변전소
99e5d91e,15집 12호 황금좌,Facility,오토 트랜스 포머,오토 트랜스 포머
77614727,15집 12호 황금좌,Facility,전화,전화
c4fb35fb,15집 12호 황금좌,Facility,전기시계,전기시계
10d3afb0,15집 12호 황금좌,Facility,피뢰침,피뢰침
146dd56b,15집 12호 황금좌,Facility,난방 및 환기장치,난방 및 환기장치
e441ceb9,15집 12호 황금좌,Facility,환기,환기
b8d65b04,15집 12호 황금좌,Facility,소화전,소화전
38750e9e,15집 12호 황금좌,Facility,위생,위생
7ddb016f,15집 12호 황금좌,Facility,정화조,정화조
1f48ebb3,15집 12호 황금좌,StartDate,1935년 11월 15일,1935년 11월 15일
d28ad3da,15집 12호 황금좌,EndDate,1936년 11월 15일,1936년 11월 15일
b8665464,15집 12호 황금좌,Architect,옥전(玉田)건축사무소,옥전(玉田)건축사무소
7bea36b7,15집 12호 황금좌,Builder,장문조(長門組),장문조(長門組)
b67829bd,15집 12호 황금좌,Supplier,도전상회(島田商會),도전상회(島田商會)
8f57a169,15집 12호 황금좌,Supplier,좌등덕이랑(佐藤德二郞),좌등덕이랑(佐藤德二郞)
5a789c3d,16집 12호 주식회사화신본관,Location,경성부 종로2정목(鍾路2丁目) 3번지,경성부 종로2정목(鍾路2丁目) 3번지
2fe598cc,16집 12호 주식회사화신본관,SiteArea,324.80평,324.80평
2ecb926f,16집 12호 주식회사화신본관,TotalArea,282.91평,282.91평
b1471ec0,16집 12호 주식회사화신본관,TotalArea,"2,034.45평","2,034.45평"
67b4e7ff,16집 12호 주식회사화신본관,TotalArea,"3,011.25평","3,011.25평"
3cb742a6,16집 12호 주식회사화신본관,TotalArea,299.64평,299.64평
dc6d5793,16집 12호 주식회사화신본관,TotalArea,282.91평,282.91평
833aed96,16집 12호 주식회사화신본관,TotalArea,281.54평,281.54평
539aa9d8,16집 12호 주식회사화신본관,TotalArea,287.84평,287.84평
2079544f,16집 12호 주식회사화신본관,TotalArea,250.91평,250.91평
833e393c,16집 12호 주식회사화신본관,TotalArea,250.91평,250.91평
80cefd9c,16집 12호 주식회사화신본관,TotalArea,244.61평,244.61평
a4bfd20e,16집 12호 주식회사화신본관,TotalArea,118.60평,118.60평
377ff28a,16집 12호 주식회사화신본관,TotalArea,17.49평,17.49평
166d5c51,16집 12호 주식회사화신본관,Height,82.6척,82.6척
fad2722d,16집 12호 주식회사화신본관,Height,101.9척,101.9척
e17d0c4f,16집 12호 주식회사화신본관,Material,생 소나무 통나무,생 소나무 통나무
1f0ef43a,16집 12호 주식회사화신본관,Structure,철근콘크리트,철근콘크리트
bd7104d1,16집 12호 주식회사화신본관,Structure,철근콘크리트조,철근콘크리트조
24145dff,16집 12호 주식회사화신본관,Structure,철골,철골
413712c3,16집 12호 주식회사화신본관,Material,화강석,화강석
3d159b40,16집 12호 주식회사화신본관,Material,대리석,대리석
4267cc0c,16집 12호 주식회사화신본관,Material,인조석,인조석
a732c4d3,16집 12호 주식회사화신본관,Material,타일,타일
39fc9e94,16집 12호 주식회사화신본관,Material,네일크리트,네일크리트
c379bf65,16집 12호 주식회사화신본관,Material,클링커 타일,클링커 타일
bfd1ee71,16집 12호 주식회사화신본관,Material,인조석,인조석
7214a550,16집 12호 주식회사화신본관,Material,모자이크 타일,모자이크 타일
b87528a6,16집 12호 주식회사화신본관,Material,플로어링 블록,플로어링 블록
c4a885b0,16집 12호 주식회사화신본관,Material,고무 타일,고무 타일
1ab9dbdf,16집 12호 주식회사화신본관,Material,카제인,카제인
a5ded1fc,16집 12호 주식회사화신본관,Material,회반죽,회반죽
d5be1e03,16집 12호 주식회사화신본관,Material,강철제,강철제
97ebdece,16집 12호 주식회사화신본관,Facility,피난설비,피난설비
8f639efa,16집 12호 주식회사화신본관,Facility,방화 셔터,방화 셔터
dc9a82d5,16집 12호 주식회사화신본관,Facility,비상계단,비상계단
40ac1060,16집 12호 주식회사화신본관,Facility,확성기,확성기
5a902a61,16집 12호 주식회사화신본관,Facility,화재경보기,화재경보기
447c7e6c,16집 12호 주식회사화신본관,Facility,전기설비,전기설비
e923ec93,16집 12호 주식회사화신본관,Facility,배전반,배전반
b9f0e9c5,16집 12호 주식회사화신본관,Facility,전기시계,전기시계
3b3228db,16집 12호 주식회사화신본관,Facility,확성기,확성기
24e9ca91,16집 12호 주식회사화신본관,Facility,화재경보기,화재경보기
376d9e6e,16집 12호 주식회사화신본관,Facility,환기팬,환기팬
8de8974c,16집 12호 주식회사화신본관,Facility,네온 광고등,네온 광고등
32ba4edb,16집 12호 주식회사화신본관,Facility,냉동장치,냉동장치
2a27c0df,16집 12호 주식회사화신본관,Facility,승강기용 동력설비,승강기용 동력설비
36308eaa,16집 12호 주식회사화신본관,Facility,전화설비,전화설비
b9667515,16집 12호 주식회사화신본관,Facility,자동교환기,자동교환기
6a9f8318,16집 12호 주식회사화신본관,Facility,공중전화,공중전화
53089fa1,16집 12호 주식회사화신본관,Facility,가스설비,가스설비
83439964,16집 12호 주식회사화신본관,Facility,난방설비,난방설비
f579f42e,16집 12호 주식회사화신본관,Facility,진공증기난방장치,진공증기난방장치
2f56ed13,16집 12호 주식회사화신본관,Facility,환기설비,환기설비
294ad100,16집 12호 주식회사화신본관,Facility,덕트[風導管],덕트[風導管]
4fb44ed3,16집 12호 주식회사화신본관,Facility,급수설비,급수설비
e45bf348,16집 12호 주식회사화신본관,Facility,배수설비,배수설비
91a3aa8d,16집 12호 주식회사화신본관,Facility,소화설비,소화설비
be9f8349,16집 12호 주식회사화신본관,Facility,소방용 펌프,소방용 펌프
5dbb4629,16집 12호 주식회사화신본관,Facility,소화전,소화전
641a742d,16집 12호 주식회사화신본관,Facility,오수정화장치,오수정화장치
9768468d,16집 12호 주식회사화신본관,Facility,오므스식 정화조,오므스식 정화조
c7139686,16집 12호 주식회사화신본관,Facility,승강기설비,승강기설비
b6b1e8a0,16집 12호 주식회사화신본관,Facility,승객용(15인승),승객용(15인승)
83f8fff8,16집 12호 주식회사화신본관,Facility,점원용(15인승),점원용(15인승)
7d27a89c,16집 12호 주식회사화신본관,StartDate,1935년 5월 5일,1935년 5월 5일
532370c3,16집 12호 주식회사화신본관,EndDate,1937년 10월 30일,1937년 10월 30일
cb8fdeb1,16집 12호 주식회사화신본관,Architect,박길룡 건축사무소,박길룡 건축사무소
dc0ab69b,16집 12호 주식회사화신본관,Builder,주식회사 청수조(淸水組),주식회사 청수조(淸水組)
f16e8996,16집 12호 주식회사화신본관,Supplier,도전전기주식회사(島田電氣株式會社),도전전기주식회사(島田電氣株式會社)
e4ae07c1,16집 12호 주식회사화신본관,Supplier,동구상회(東口商會),동구상회(東口商會)
6503212d,16집 12호 주식회사화신본관,Supplier,소림공업사무소(小林工業事務所),소림공업사무소(小林工業事務所)
daf86fe5,17집 2호 동본원사경성별원각전고리,Location,경성부 남산정3정목(南山町三丁日) 34번지,경성부 남산정3정목(南山町三丁日) 34번지
6440c191,17집 2호 동본원사경성별원각전고리,TotalArea,384평 299,384평 299
9c7f3e09,17집 2호 동본원사경성별원각전고리,TotalArea,162평 725,162평 725
a2f6c217,17집 2호 동본원사경성별원각전고리,TotalArea,75평 394,75평 394
e673f1f5,17집 2호 동본원사경성별원각전고리,TotalArea,25평 857,25평 857
4a3fb0a9,17집 2호 동본원사경성별원각전고리,TotalArea,30평 240,30평 240
c2bf886c,17집 2호 동본원사경성별원각전고리,TotalArea,23평 231,23평 231
9ff694df,17집 2호 동본원사경성별원각전고리,TotalArea,25평 672,25평 672
98c54dcd,17집 2호 동본원사경성별원각전고리,TotalArea,41평 180,41평 180
a2c580b3,17집 2호 동본원사경성별원각전고리,Structure,목조,목조
fc929a0c,17집 2호 동본원사경성별원각전고리,Structure,철근콘크리트조,철근콘크리트조
0ebf8649,17집 2호 동본원사경성별원각전고리,Height,29척 8촌,29척 8촌
66ce9246,17집 2호 동본원사경성별원각전고리,Height,43척,43척
998d37eb,17집 2호 동본원사경성별원각전고리,Height,14척 3촌,14척 3촌
0f5cd6fd,17집 2호 동본원사경성별원각전고리,Height,23척,23척
a97fc71c,17집 2호 동본원사경성별원각전고리,Height,22척,22척
ef99811d,17집 2호 동본원사경성별원각전고리,Height,10척 3촌,10척 3촌
77178374,17집 2호 동본원사경성별원각전고리,Material,화강석,화강석
39c753de,17집 2호 동본원사경성별원각전고리,Material,돌로마이트,돌로마이트
be1745dc,17집 2호 동본원사경성별원각전고리,Material,오일 스테인,오일 스테인
f847e5bd,17집 2호 동본원사경성별원각전고리,Material,페인트,페인트
f31570c5,17집 2호 동본원사경성별원각전고리,Material,기와,기와
6f84778b,17집 2호 동본원사경성별원각전고리,Material,귀와(鬼瓦),귀와(鬼瓦)
ac966bd9,17집 2호 동본원사경성별원각전고리,Material,모르타르,모르타르
04dd8003,17집 2호 동본원사경성별원각전고리,Material,라인토건[ライントガン],라인토건[ライントガン]
50c8b6bc,17집 2호 동본원사경성별원각전고리,Material,자연석[地石],자연석[地石]
7bfbb039,17집 2호 동본원사경성별원각전고리,Material,화강석,화강석
a5fb9877,17집 2호 동본원사경성별원각전고리,Material,베니어 벚나무판,베니어 벚나무판
0338ff22,17집 2호 동본원사경성별원각전고리,Material,인조 물갈기,인조 물갈기
8c8b5ef9,17집 2호 동본원사경성별원각전고리,Material,회반죽,회반죽
22c64cc5,17집 2호 동본원사경성별원각전고리,Material,느티나무,느티나무
27d4b874,17집 2호 동본원사경성별원각전고리,Material,졸참나무,졸참나무
503fff13,17집 2호 동본원사경성별원각전고리,Material,삼나무,삼나무
fc5c8b15,17집 2호 동본원사경성별원각전고리,Material,다다미,다다미
369e2ef2,17집 2호 동본원사경성별원각전고리,Material,사벽,사벽
9c2fc349,17집 2호 동본원사경성별원각전고리,Material,옻칠,옻칠
1c7b25a3,17집 2호 동본원사경성별원각전고리,Material,졸참나무 플로어링,졸참나무 플로어링
e9715a31,17집 2호 동본원사경성별원각전고리,Material,회반죽,회반죽
a9d2213d,17집 2호 동본원사경성별원각전고리,Material,회반죽,회반죽
001bc338,17집 2호 동본원사경성별원각전고리,Material,다다미,다다미
83fa0e37,17집 2호 동본원사경성별원각전고리,Material,사벽,사벽
6da84f1f,17집 2호 동본원사경성별원각전고리,Material,삼나무,삼나무
398edfde,17집 2호 동본원사경성별원각전고리,Material,옻칠,옻칠
23773f3a,17집 2호 동본원사경성별원각전고리,Material,다다미,다다미
084cfb2c,17집 2호 동본원사경성별원각전고리,Material,사벽,사벽
76c24d0d,17집 2호 동본원사경성별원각전고리,Material,삼나무,삼나무
d0e6df59,17집 2호 동본원사경성별원각전고리,Material,춘일삼나무[春日杉],춘일삼나무[春日杉]
58457dc0,17집 2호 동본원사경성별원각전고리,Material,오동나무,오동나무
551e0fb0,17집 2호 동본원사경성별원각전고리,Material,옻[蠟色漆],옻[蠟色漆]
ed18da9b,17집 2호 동본원사경성별원각전고리,Material,다다미,다다미
4354631e,17집 2호 동본원사경성별원각전고리,Material,사벽,사벽
1e0c82bf,17집 2호 동본원사경성별원각전고리,Material,다다미,다다미
6a007897,17집 2호 동본원사경성별원각전고리,Material,사벽,사벽
15f1b8d4,17집 2호 동본원사경성별원각전고리,Material,다다미,다다미
3e9b40da,17집 2호 동본원사경성별원각전고리,Material,사벽,사벽
4e76b451,17집 2호 동본원사경성별원각전고리,Material,사츠마삼나무[薩摩杉],사츠마삼나무[薩摩杉]
bcdab07c,17집 2호 동본원사경성별원각전고리,Material,미송 연자판(椽子板),미송 연자판(椽子板)
d4cc53d3,17집 2호 동본원사경성별원각전고리,Material,황대진(黃大津),황대진(黃大津)
b27f4d2a,17집 2호 동본원사경성별원각전고리,StartDate,1937년 4월 5일,1937년 4월 5일
732735bc,17집 2호 동본원사경성별원각전고리,EndDate,1937년 11월 30일,1937년 11월 30일
7f2267f0,17집 2호 동본원사경성별원각전고리,Architect,다전공무점(多田工務店),다전공무점(多田工務店)
c79e65e2,17집 2호 동본원사경성별원각전고리,Architect,사사조영상담소(社寺造營相談所) 기사 장곡천상태랑(長谷川常太郞),사사조영상담소(社寺造營相談所) 기사 장곡천상태랑(長谷川常太郞)
5bb0835a,17집 2호 동본원사경성별원각전고리,Builder,생전조(生田組) 생전송태랑(生田松太郞),생전조(生田組) 생전송태랑(生田松太郞)
22524617,17집 2호 동본원사경성별원각전고리,Supplier,삼산제작소(杉山製作所),삼산제작소(杉山製作所)
aa8bf489,17집 2호 동본원사경성별원각전고리,Supplier,조일전기상회(朝日電氣商會),조일전기상회(朝日電氣商會)
cfd0ba5e,18집 2호 법덕온천호텔본관,Location,경성부 번대방정(番大方町) 19·144·145·147번지,경성부 번대방정(番大方町) 19·144·145·147번지
91937663,18집 2호 법덕온천호텔본관,SiteArea,6136평,6136평
a5f5c8ac,18집 2호 법덕온천호텔본관,StartDate,1937년 8월,1937년 8월
fb920995,18집 2호 법덕온천호텔본관,EndDate,1938년 10월,1938년 10월
1102e779,18집 2호 법덕온천호텔본관,TotalArea,"48,500평","48,500평"
c6e73808,18집 2호 법덕온천호텔본관,TotalArea,"150,795평","150,795평"
3c49d25e,18집 2호 법덕온천호텔본관,TotalArea,"138,670평","138,670평"
d4153f80,18집 2호 법덕온천호텔본관,TotalArea,"11,333평","11,333평"
a0a44228,18집 2호 법덕온천호텔본관,TotalArea,"335,298평","335,298평"
042941de,18집 2호 법덕온천호텔본관,TotalArea,"48,766평","48,766평"
e74b169f,18집 2호 법덕온천호텔본관,TotalArea,"106,300평","106,300평"
9a59b1a7,18집 2호 법덕온천호텔본관,TotalArea,"155,066평","155,066평"
7a25f60a,18집 2호 법덕온천호텔본관,TotalArea,"48,250평","48,250평"
846645b6,18집 2호 법덕온천호텔본관,TotalArea,"3,750평","3,750평"
5b7f8286,18집 2호 법덕온천호텔본관,TotalArea,"29,400평","29,400평"
87eb5ae7,18집 2호 법덕온천호텔본관,TotalArea,"571,764평","571,764평"
db878701,18집 2호 법덕온천호텔본관,Height,14.0척,14.0척
a4c592fd,18집 2호 법덕온천호텔본관,Height,24.6~27.6척,24.6~27.6척
0936d7f6,18집 2호 법덕온천호텔본관,Height,50.0척,50.0척
f6a975dc,18집 2호 법덕온천호텔본관,Height,23.0척,23.0척
77d52b84,18집 2호 법덕온천호텔본관,Height,33.0척,33.0척
87b03e2d,18집 2호 법덕온천호텔본관,Height,13.0척,13.0척
e086937e,18집 2호 법덕온천호텔본관,Height,19.5척,19.5척
5eb63083,18집 2호 법덕온천호텔본관,Height,10.6척,10.6척
55f86fab,18집 2호 법덕온천호텔본관,Height,13.6척,13.6척
41553c3f,18집 2호 법덕온천호텔본관,Structure,목조,목조
4af9570f,18집 2호 법덕온천호텔본관,Structure,벽돌 철근콘크리트조,벽돌 철근콘크리트조
4b6b41c1,18집 2호 법덕온천호텔본관,Material,슬레이트,슬레이트
c0f9c933,18집 2호 법덕온천호텔본관,Material,목조,목조
d9d04b28,18집 2호 법덕온천호텔본관,Structure,철근콘크리트조,철근콘크리트조
3241c120,18집 2호 법덕온천호텔본관,Material,벽돌,벽돌
18ee35ed,18집 2호 법덕온천호텔본관,Material,신더 콘크리트,신더 콘크리트
c6bda883,18집 2호 법덕온천호텔본관,Material,모르타르,모르타르
2c64134a,18집 2호 법덕온천호텔본관,Material,목조,목조
9e282f22,18집 2호 법덕온천호텔본관,Structure,철근콘크리트조,철근콘크리트조
8b636b95,18집 2호 법덕온천호텔본관,Material,벽돌,벽돌
95a032af,18집 2호 법덕온천호텔본관,Material,신더 콘크리트,신더 콘크리트
7859c323,18집 2호 법덕온천호텔본관,Material,모르타르,모르타르
a76f8e58,18집 2호 법덕온천호텔본관,Material,스틸 새시,스틸 새시
0b09e33f,18집 2호 법덕온천호텔본관,Structure,목조,목조
f4fd6b93,18집 2호 법덕온천호텔본관,Material,아연판,아연판
2eaaf0d5,18집 2호 법덕온천호텔본관,Material,목조,목조
155ba3f8,18집 2호 법덕온천호텔본관,Material,인조석,인조석
39be5f7f,18집 2호 법덕온천호텔본관,Material,카라크리트(カラクリート),카라크리트(カラクリート)
0f12c94b,18집 2호 법덕온천호텔본관,Material,모자이크 타일,모자이크 타일
5303b178,18집 2호 법덕온천호텔본관,Material,세메팔트텍스,세메팔트텍스
ae30afd3,18집 2호 법덕온천호텔본관,Material,회반죽,회반죽
03babe13,18집 2호 법덕온천호텔본관,Material,연갑판(椽甲板),연갑판(椽甲板)
ba478fd1,18집 2호 법덕온천호텔본관,Material,리놀륨,리놀륨
191c2b86,18집 2호 법덕온천호텔본관,Material,다다미,다다미
924ba179,18집 2호 법덕온천호텔본관,Material,세메팔트텍스,세메팔트텍스
a398d798,18집 2호 법덕온천호텔본관,Material,회반죽,회반죽
082d03dd,18집 2호 법덕온천호텔본관,Material,사벽,사벽
7d0c6186,18집 2호 법덕온천호텔본관,Material,회반죽,회반죽
58f806fb,18집 2호 법덕온천호텔본관,Material,모자이크 타일,모자이크 타일
50d7d1ef,18집 2호 법덕온천호텔본관,Material,연갑판,연갑판
449185f0,18집 2호 법덕온천호텔본관,Material,테라조,테라조
b1300c92,18집 2호 법덕온천호텔본관,Material,회반죽,회반죽
f2335a86,18집 2호 법덕온천호텔본관,Material,방습 플라스터,방습 플라스터
e1147a2a,18집 2호 법덕온천호텔본관,Material,모르타르,모르타르
79cf7eca,18집 2호 법덕온천호텔본관,Facility,온천수[給泉] 공급,온천수[給泉] 공급
91622672,18집 2호 법덕온천호텔본관,Facility,전동 펌프,전동 펌프
a936ba9d,18집 2호 법덕온천호텔본관,Facility,보일러실,보일러실
f78f6413,18집 2호 법덕온천호텔본관,Facility,압력 탱크,압력 탱크
61c1586a,18집 2호 법덕온천호텔본관,Facility,우물수 공급,우물수 공급
13556472,18집 2호 법덕온천호텔본관,Facility,전동 펌프,전동 펌프
b21de825,18집 2호 법덕온천호텔본관,Facility,압력탱크,압력탱크
0db2e55a,18집 2호 법덕온천호텔본관,Facility,난방,난방
a011c6b1,18집 2호 법덕온천호텔본관,Facility,저압증기난방,저압증기난방
3d94f812,18집 2호 법덕온천호텔본관,Facility,보일러,보일러
06fbba42,18집 2호 법덕온천호텔본관,Facility,위생,위생
289f8586,18집 2호 법덕온천호텔본관,Facility,수세식,수세식
375057a5,18집 2호 법덕온천호텔본관,Facility,정화조,정화조
92f9d708,18집 2호 법덕온천호텔본관,Facility,전등,전등
cb9fcc0d,18집 2호 법덕온천호텔본관,Facility,전화,전화
c547f2d6,18집 2호 법덕온천호텔본관,Facility,전령,전령
d5077b8a,18집 2호 법덕온천호텔본관,Architect,옥전(玉田)건축사무소,옥전(玉田)건축사무소
a9a80010,18집 2호 법덕온천호텔본관,Builder,장판정오랑(長坂正五郞),장판정오랑(長坂正五郞)
88fae6f6,18집 2호 법덕온천호텔본관,Supplier,원전공무점(原田工務店),원전공무점(原田工務店)
833bf729,18집 2호 법덕온천호텔본관,Supplier,도전상회(島田商會),도전상회(島田商會)
b962d18b,18집 2호 법덕온천호텔본관,Supplier,정자옥(丁字屋),정자옥(丁字屋)
1fe9eb7c,19집 4호 태화기독교사회관,Location,경성부 인사정(仁寺町) 194-사(杜),경성부 인사정(仁寺町) 194-사(杜)
86ae41a4,19집 4호 태화기독교사회관,Structure,석재 및 벽돌 혼합 구조,석재 및 벽돌 혼합 구조
2afda539,19집 4호 태화기독교사회관,Structure,철근콘크리트조,철근콘크리트조
935d1fed,19집 4호 태화기독교사회관,Material,스틸 새시,스틸 새시
3746e1d5,19집 4호 태화기독교사회관,Material,조선기와,조선기와
ff982db2,19집 4호 태화기독교사회관,TotalArea,718.00평,718.00평
de9a43f3,19집 4호 태화기독교사회관,TotalArea,126.00평,126.00평
4ab9e5ca,19집 4호 태화기독교사회관,TotalArea,266.00평,266.00평
16ccc4b3,19집 4호 태화기독교사회관,TotalArea,266.00평,266.00평
51753e2c,19집 4호 태화기독교사회관,TotalArea,60.00평,60.00평
c4924bb6,19집 4호 태화기독교사회관,SiteArea,"2,030.00평","2,030.00평"
ea7c0c95,19집 4호 태화기독교사회관,Height,23.50척(남면),23.50척(남면)
71f08b04,19집 4호 태화기독교사회관,Height,29.7척(북면),29.7척(북면)
d10a245f,19집 4호 태화기독교사회관,Height,43.00척,43.00척
d678ac20,19집 4호 태화기독교사회관,Material,화강석,화강석
e92cc9e2,19집 4호 태화기독교사회관,Material,벽돌,벽돌
6c56920e,19집 4호 태화기독교사회관,Material,백시멘트,백시멘트
e094164e,19집 4호 태화기독교사회관,Material,인조석,인조석
a144e0d1,19집 4호 태화기독교사회관,Material,타일,타일
035aa732,19집 4호 태화기독교사회관,Material,회반죽,회반죽
81f645e1,19집 4호 태화기독교사회관,Material,회반죽,회반죽
1b44e557,19집 4호 태화기독교사회관,Material,마포,마포
3d40694e,19집 4호 태화기독교사회관,Material,타이텍스(タイテキス),타이텍스(タイテキス)
9a3b41fe,19집 4호 태화기독교사회관,Material,아피톤,아피톤
b7a80537,19집 4호 태화기독교사회관,Material,나왕,나왕
67fcbdea,19집 4호 태화기독교사회관,Material,타일,타일
f3f99886,19집 4호 태화기독교사회관,Material,오크재,오크재
22a16f04,19집 4호 태화기독교사회관,Facility,벽난로,벽난로
6edccad7,19집 4호 태화기독교사회관,Material,오크,오크
38e1f6cc,19집 4호 태화기독교사회관,Material,마포,마포
7770c30f,19집 4호 태화기독교사회관,Material,회반죽,회반죽
cc6629f7,19집 4호 태화기독교사회관,Material,타이텍스,타이텍스
1a283abe,19집 4호 태화기독교사회관,Material,나왕재,나왕재
28e8eeb5,19집 4호 태화기독교사회관,Material,인조석,인조석
fbfc8107,19집 4호 태화기독교사회관,Material,타일,타일
aa1ba18e,19집 4호 태화기독교사회관,Material,회반죽,회반죽
c3ad6f0d,19집 4호 태화기독교사회관,Material,인조석,인조석
dd4a8b10,19집 4호 태화기독교사회관,Material,타일,타일
dd4bff93,19집 4호 태화기독교사회관,Material,아피톤,아피톤
6051ef15,19집 4호 태화기독교사회관,Material,카제인텍스,카제인텍스
dcefbe25,19집 4호 태화기독교사회관,Material,카제인텍스,카제인텍스
abb5b1da,19집 4호 태화기독교사회관,Material,목재,목재
9989d837,19집 4호 태화기독교사회관,Material,오크재,오크재
90a0efb3,19집 4호 태화기독교사회관,Material,마포,마포
20d223f8,19집 4호 태화기독교사회관,Material,회반죽,회반죽
23568508,19집 4호 태화기독교사회관,Material,타이텍스,타이텍스
c345d4ca,19집 4호 태화기독교사회관,Material,인조석,인조석
f3f704d3,19집 4호 태화기독교사회관,Material,타일,타일
e4e69e1f,19집 4호 태화기독교사회관,Material,테라조,테라조
4d8a405f,19집 4호 태화기독교사회관,Material,아피톤,아피톤
c2768b52,19집 4호 태화기독교사회관,Material,타이텍스,타이텍스
d501d090,19집 4호 태화기독교사회관,Material,마포,마포
9684007a,19집 4호 태화기독교사회관,Material,타이텍스,타이텍스
e6b1c868,19집 4호 태화기독교사회관,Material,타이텍스,타이텍스
87b71fdd,19집 4호 태화기독교사회관,Material,스테인드글라스,스테인드글라스
d0875cdf,19집 4호 태화기독교사회관,Structure,철근콘크리트조,철근콘크리트조
a56ca464,19집 4호 태화기독교사회관,Material,타일,타일
43801efb,19집 4호 태화기독교사회관,Material,인조석,인조석
f99bf7bd,19집 4호 태화기독교사회관,Facility,전등,전등
73093527,19집 4호 태화기독교사회관,Facility,위생설비,위생설비
083e641f,19집 4호 태화기독교사회관,Facility,정화조,정화조
ec74681f,19집 4호 태화기독교사회관,Facility,난방설비,난방설비
ea7d87cb,19집 4호 태화기독교사회관,Supplier,고사(高砂),고사(高砂)
ff1fa12d,19집 4호 태화기독교사회관,Facility,증기난방,증기난방
373ad80a,19집 4호 태화기독교사회관,StartDate,1938년 3월,1938년 3월
1b0b09d3,19집 4호 태화기독교사회관,EndDate,1939년 7월,1939년 7월
81f9aeb0,19집 4호 태화기독교사회관,Architect,보리즈 경성건축사무소,보리즈 경성건축사무소
faeef1c2,19집 4호 태화기독교사회관,Supplier,장전기상회(張電氣商會),장전기상회(張電氣商會)
75eebe33,19집 4호 태화기독교사회관,Supplier,중원상회(中原商會),중원상회(中原商會)
b6c52276,19집 8호 평안남도청사,Structure,철근콘크리트,철근콘크리트
d1b56cb9,19집 8호 평안남도청사,Structure,벽돌,벽돌
964e431f,19집 8호 평안남도청사,Floors,3층,3층
d5a6709d,19집 8호 평안남도청사,TotalArea,92평 125,92평 125
644242b3,19집 8호 평안남도청사,TotalArea,493평 1225,493평 1225
b50527ea,19집 8호 평안남도청사,TotalArea,472평 1225,472평 1225
28760ea4,19집 8호 평안남도청사,TotalArea,42평 1285,42평 1285
36cc64d0,19집 8호 평안남도청사,TotalArea,6평,6평
e5993b86,19집 8호 평안남도청사,TotalArea,"1,535평 49","1,535평 49"
912713eb,19집 8호 평안남도청사,Height,54척,54척
3efdfd59,19집 8호 평안남도청사,Material,타일,타일
48188ae6,19집 8호 평안남도청사,Material,모르타르,모르타르
b3167c54,19집 8호 평안남도청사,Material,화강석,화강석
538a9021,19집 8호 평안남도청사,Material,인조석,인조석
84c46e98,19집 8호 평안남도청사,Material,캐스트스톤,캐스트스톤
5ebc4e56,19집 8호 평안남도청사,Material,스틸 새시,스틸 새시
8df7ac55,19집 8호 평안남도청사,Material,콩자갈콘크리트,콩자갈콘크리트
f467bbad,19집 8호 평안남도청사,Material,화강석,화강석
7c1ac62f,19집 8호 평안남도청사,Material,캐스트스톤,캐스트스톤
8eb0a874,19집 8호 평안남도청사,Material,플라스터,플라스터
a7447e10,19집 8호 평안남도청사,Material,페인트,페인트
8cf0e750,19집 8호 평안남도청사,Material,화강석,화강석
344bbc87,19집 8호 평안남도청사,Material,타일,타일
53047e8d,19집 8호 평안남도청사,Material,타일,타일
2a4931cc,19집 8호 평안남도청사,Material,플라스터,플라스터
7e573c80,19집 8호 평안남도청사,Material,타일,타일
54068d64,19집 8호 평안남도청사,Material,플라스터,플라스터
4861a639,19집 8호 평안남도청사,Material,타일,타일
43333a4f,19집 8호 평안남도청사,Material,모르타르스톤코트,모르타르스톤코트
012c989c,19집 8호 평안남도청사,Material,인조석,인조석
0a57cc92,19집 8호 평안남도청사,Material,타일,타일
8fc20ffe,19집 8호 평안남도청사,Material,타일,타일
47311216,19집 8호 평안남도청사,Material,테라조,테라조
51864d78,19집 8호 평안남도청사,Material,인조석,인조석
45899f37,19집 8호 평안남도청사,Material,플라스터,플라스터
7702cccb,19집 8호 평안남도청사,Material,타일,타일
72a65fcf,19집 8호 평안남도청사,Material,모르타르스톤코트,모르타르스톤코트
8483079e,19집 8호 평안남도청사,Material,테라조,테라조
886e397f,19집 8호 평안남도청사,Material,인조석,인조석
d1b9a101,19집 8호 평안남도청사,Material,플라스터,플라스터
733aa312,19집 8호 평안남도청사,Material,타일,타일
dc676980,19집 8호 평안남도청사,Material,타일,타일
bab94e54,19집 8호 평안남도청사,Material,메탈실링,메탈실링
cd6bc75a,19집 8호 평안남도청사,Material,페인트,페인트
7288823c,19집 8호 평안남도청사,Material,플라스터,플라스터
2b6a7007,19집 8호 평안남도청사,Material,리놀륨,리놀륨
d07af1e6,19집 8호 평안남도청사,Material,플라스터,플라스터
cf807f4d,19집 8호 평안남도청사,Material,플라스터,플라스터
77bd28bf,19집 8호 평안남도청사,Material,목재,목재
5ddfce86,19집 8호 평안남도청사,Material,벽지,벽지
dfde8ddd,19집 8호 평안남도청사,Material,벽지,벽지
ea3755e5,19집 8호 평안남도청사,Material,플라스터,플라스터
256e0e27,19집 8호 평안남도청사,Material,페인트,페인트
80c64b43,19집 8호 평안남도청사,Material,플라스터,플라스터
9a2f251f,19집 8호 평안남도청사,Material,페인트,페인트
cee8863f,19집 8호 평안남도청사,Material,페인트,페인트
927c9480,19집 8호 평안남도청사,Material,벽지,벽지
ad8f829b,19집 8호 평안남도청사,Material,벽지,벽지
cc3cd445,19집 8호 평안남도청사,Material,플라스터,플라스터
43e3e8aa,19집 8호 평안남도청사,Material,페인트,페인트
2e6ddc70,19집 8호 평안남도청사,Material,리놀륨,리놀륨
eacbe57f,19집 8호 평안남도청사,Material,타일,타일
961b161b,19집 8호 평안남도청사,Material,페인트,페인트
1fda0af1,19집 8호 평안남도청사,Material,페인트,페인트
4dd99218,19집 8호 평안남도청사,Material,플라스터,플라스터
e71ea00e,19집 8호 평안남도청사,Material,페인트,페인트
5b64ebe9,19집 8호 평안남도청사,Material,플라스터,플라스터
10a93a6f,19집 8호 평안남도청사,Material,플라스터,플라스터
f364a6e9,19집 8호 평안남도청사,Material,플로어링블록,플로어링블록
dec596bc,19집 8호 평안남도청사,Material,목재,목재
61961151,19집 8호 평안남도청사,Material,플라스터,플라스터
657e31ea,19집 8호 평안남도청사,Material,마대,마대
bc299ede,19집 8호 평안남도청사,Material,페인트,페인트
32c0c758,19집 8호 평안남도청사,Material,플라스터,플라스터
c7837595,19집 8호 평안남도청사,Material,타일,타일
6a783d5b,19집 8호 평안남도청사,Material,타일,타일
28830c19,19집 8호 평안남도청사,Material,플라스터,플라스터
5db6389e,19집 8호 평안남도청사,Material,모르타르스톤코트,모르타르스톤코트
6cdf75a1,19집 8호 평안남도청사,Material,플라스터,플라스터
4e1e12c3,19집 8호 평안남도청사,Material,모르타르,모르타르
9a73dd5a,19집 8호 평안남도청사,Material,모르타르,모르타르
6b8df093,19집 8호 평안남도청사,Material,모르타르,모르타르
4da77ef7,19집 8호 평안남도청사,Material,다다미,다다미
d66c43dd,19집 8호 평안남도청사,Material,목제,목제
5a0d0f93,19집 8호 평안남도청사,Material,플라스터,플라스터
189bb076,19집 8호 평안남도청사,Material,리놀륨,리놀륨
f6f19644,19집 8호 평안남도청사,Material,타일,타일
b979e8b3,19집 8호 평안남도청사,Material,페인트,페인트
f38b30a9,19집 8호 평안남도청사,Material,아스팔트,아스팔트
4f7752a3,19집 8호 평안남도청사,Material,아스팔트,아스팔트
04044bf6,19집 8호 평안남도청사,Material,아스팔트,아스팔트
6f9554e0,19집 8호 평안남도청사,Material,아스팔트,아스팔트
fe6c5b1c,19집 8호 평안남도청사,Material,아스팔트,아스팔트
7c4f68cb,19집 8호 평안남도청사,Material,리놀륨,리놀륨
023b8a3e,19집 8호 평안남도청사,Material,타일,타일
557d243a,19집 8호 평안남도청사,Material,페인트,페인트
ec91ec99,19집 8호 평안남도청사,Material,모르타르,모르타르
3e8f0dc3,19집 8호 평안남도청사,Material,모르타르,모르타르
d66fb745,19집 8호 평안남도청사,Material,모르타르,모르타르
e459e4de,19집 8호 평안남도청사,Material,모르타르,모르타르
3a837e53,19집 8호 평안남도청사,Material,플라스터,플라스터
b60287e9,19집 8호 평안남도청사,Material,모르타르,모르타르
fd60516d,19집 8호 평안남도청사,Material,플라스터,플라스터
a09d4ea1,19집 8호 평안남도청사,Material,플라스터,플라스터
97fb6612,19집 8호 평안남도청사,Material,다다미,다다미
495534d2,19집 8호 평안남도청사,Material,회반죽,회반죽
0cc64ec0,19집 8호 평안남도청사,Material,회반죽,회반죽
c1f59e3e,19집 8호 평안남도청사,Material,목제,목제
78f600b9,19집 8호 평안남도청사,Material,플라스터,플라스터
388190af,19집 8호 평안남도청사,Material,플라스터,플라스터
c6256c40,19집 8호 평안남도청사,Material,페인트,페인트
773e8bd4,19집 8호 평안남도청사,Structure,철근콘크리트조,철근콘크리트조
5bc608af,19집 8호 평안남도청사,Facility,난방,난방
c5c82c6e,19집 8호 평안남도청사,Facility,중력식 증기난방,중력식 증기난방
c056217d,19집 8호 평안남도청사,Facility,수세식 오수 정화조,수세식 오수 정화조
6ecb48ad,19집 8호 평안남도청사,Facility,전기,전기
e5e065d0,19집 8호 평안남도청사,Facility,전등,전등
7c1a1f93,19집 8호 평안남도청사,Facility,시계,시계
3f8d6872,19집 8호 평안남도청사,Facility,전화,전화
6cdc3e3b,19집 8호 평안남도청사,Facility,전기종,전기종
8b92bed4,19집 8호 평안남도청사,StartDate,1937년 9월 19일,1937년 9월 19일
ad9adc9a,19집 8호 평안남도청사,EndDate,1939년 8월 15일,1939년 8월 15일
cbea685e,19집 8호 평안남도청사,Cost,"267,000","267,000"
74ee8bfc,19집 8호 평안남도청사,Cost,"69,000","69,000"
f762fa34,19집 8호 평안남도청사,Cost,"36,000","36,000"
6c6e3290,19집 8호 평안남도청사,Architect,총독부 회계과 영선계,총독부 회계과 영선계
3197f73a,19집 8호 평안남도청사,Builder,다전공무점(多田工務店),다전공무점(多田工務店)
eb1d8316,19집 8호 평안남도청사,Supplier,경성 동구(東口),경성 동구(東口)
de30c27a,19집 8호 평안남도청사,Supplier,경성 산전령태랑(山田鈴太郎),경성 산전령태랑(山田鈴太郎)
